,question,response_1,response_2,response_3,response_4,response_5,response_6,response_7,response_8,response_9,response_10
1,Does Delaware require entities to notify the state attorney general or other governmental agency in the event of a data breach?,"Delaware:
According to 6 Del. C. § 12B-102:
(d) If the affected number of Delaware residents to be notified exceeds 500 residents, the person required to provide notice shall, not later than the time when notice is provided to the resident, also provide notice of the breach of security to the Attorney General.","Delaware:
Question: Does Delaware require entities to notify the state attorney general or other governmental agency in the event of a data breach?

Response:
According to § 12B-102 of Delaware Code Annotated, if the affected number of Delaware residents to be notified exceeds 500 residents, the person required to provide notice shall, not later than the time when notice is provided to the resident, also provide notice of the breach of security to the Attorney General.","Delaware:
According to 6 Del. C. § 12B-102:
(d) If the affected number of Delaware residents to be notified exceeds 500 residents, the person required to provide notice shall, not later than the time when notice is provided to the resident, also provide notice of the breach of security to the Attorney General.","Delaware:
According to 6 Del. C. § 12B-102:
(d)  If the affected number of Delaware residents to be notified exceeds 500 residents, the person required to provide notice shall, not later than the time when notice is provided to the resident, also provide notice of the breach of security to the Attorney General.","Delaware:
According to 6 Del. C. § 12B -102:
(a) - (f) If the affected number of Delaware residents to be notified exceeds 500 residents, the person required to provide notice shall, not later than the time when notice is provided to the resident, also provide notice of the breach of security to the Attorney General.","Delaware:
Answer:
According to 6 Del. C. § 12B-102, if the affected number of Delaware residents to be notified exceeds 500 residents, the person required to provide notice shall, not later than the time when notice is provided to the resident, also provide notice of the breach of security to the Attorney General.","Delaware:
According to Delaware Code Annotated § 12B-102(d), if the affected number of Delaware residents to be notified exceeds 500 residents, the person required to provide notice must also provide notice of the breach of security to the Attorney General at the time when notice is provided to the resident.","Delaware:
According to 6 Del. C. § 12B-102:
(d) If the affected number of Delaware residents to be notified exceeds 500 residents, the person required to provide notice shall, not later than the time when notice is provided to the resident, also provide notice of the breach of security to the Attorney General.","Delaware:
According to 6 Del. C. § 12B -102:
(e) If the affected number of Delaware residents to be notified exceeds 500 residents, the person required to provide notice shall, not later than the time when notice is provided to the resident, also provide notice of the breach of security to the Attorney General.","Delaware:
Question: Does Delaware require entities to notify the state attorney general or other governmental agency in the event of a data breach?

Response:
According to Delaware Code Annotated Title 6 Commerce and Trade Chapter 12B Computer Security Breaches § 12B-102:
(d) If the affected number of Delaware residents to be notified exceeds 500 residents, the person required to provide notice shall, not later than the time when notice is provided to the resident, also provide notice of the breach of security to the Attorney General."
2,How does Connecticut’s Data Breach Notification statute define a breach of security?,"Connecticut:
According to Conn. Gen. Stat. § 36a -701b:
(a)  For purposes of this section, (1) “breach of security” means unauthorized access to or unauthorized acquisition of electronic files, media, databases or computerized data, containing personal information when access to the personal information has not been secured by encryption or by any other method or technology that renders the personal information unreadable or unusable.","Connecticut:
According to Conn. Gen. Stat. § 36a -701b:
(a)  For purposes of this section, (1) “breach of security” means unauthorized access to or unauthorized acquisition of electronic files, media, databases or computerized data, containing personal information when access to the personal information has not been secured by encryption or by any other method or technology that renders the personal information unreadable or unusable.","Connecticut:
According to Conn. Gen. Stat. § 36a -701b:

(a)  For purposes of this section, (1) “breach of security” means unauthorized access to or unauthorized acquisition of electronic files, media, databases or computerized data, containing personal information when access to the personal information has not been secured by encryption or by any other method or technology that renders the personal information unreadable or unusable;","Connecticut:
According to Conn. Gen. Stat. § 36a -701b:
(a)  For purposes of this section, (1) “breach of security” means unauthorized access to or unauthorized acquisition of electronic files, media, databases or computerized data, containing personal information when access to the personal information has not been secured by encryption or by any other method or technology that renders the personal information unreadable or unusable.","Connecticut:
According to Conn. Gen. Stat. § 36a-701b:
In paragraph (a), a “breach of security” is defined as unauthorized access to or unauthorized acquisition of electronic files, media, databases, or computerized data containing personal information when access to the personal information has not been secured by encryption or by any other method or technology that renders the personal information unreadable or unusable.","Connecticut:
According to the Legislation code Conn. Gen. Stat. § 36a -701b:

Paragraph (a) states that a “breach of security” means unauthorized access to or unauthorized acquisition of electronic files, media, databases, or computerized data, containing personal information when access to the personal information has not been secured by encryption or by any other method or technology that renders the personal information unreadable or unusable.","Connecticut:
According to Legislation code Conn. Gen. Stat. § 36a-701b:
In (a), a ""breach of security"" is defined as unauthorized access to or unauthorized acquisition of electronic files, media, databases, or computerized data containing personal information when access to the personal information has not been secured by encryption or by any other method or technology that renders the personal information unreadable or unusable.","Connecticut:
According to Conn. Gen. Stat. § 36a -701b:
In paragraph (a), a ""breach of security"" is defined as unauthorized access to or unauthorized acquisition of electronic files, media, databases, or computerized data containing personal information where access to the personal information has not been secured by encryption or any other method that renders the personal information unreadable or unusable.","Connecticut:
According to Conn. Gen. Stat. § 36a -701b:
In paragraph (a), a breach of security is defined as ""unauthorized access to or unauthorized acquisition of electronic files, media, databases, or computerized data, containing personal information when access to the personal information has not been secured by encryption.""","Connecticut:
According to Conn. Gen. Stat. § 36a -701b:


1) A breach of security"" means unauthorized access to or unauthorized acquisition of electronic files, media, databases, or computerized data, containing personal information when access to the personal information has not been secured by encryption or by any other method or technology that renders the personal information unreadable or unusable."
3,How does Montana’s Data Breach Notification Statute define personal information?,"Montana:
According to Legislation code 30-14-1704, Montana's Data Breach Notification Statute defines personal information as an individual’s first name or first initial and last name in combination with specific data elements, including a social security number, driver’s license number, account number or credit/debit card number with security code, medical record information, taxpayer identification number, or an identity protection personal identification number issued by the IRS. Personal information excludes publicly available information from government records.","Montana:
According to Legislation code 30-14-1704, Personal information is defined as an individual’s first name or first initial and last name in combination with any one or more of the following data elements, when either the name or the data elements are not encrypted:
(A) social security number;
(B) driver’s license number, state identification card number, or tribal identification card number;
(C) account number or credit or debit card number, in combination with any required security code, access code, or password that would permit access to an individual’s financial account;
(D) medical record information as defined in 33-19-104;
(E) a taxpayer identification number; or
(F) an identity protection personal identification number issued by the United States internal revenue service.","Montana:
Answer:
According to Legislation code 30-14-1704, Montana’s Data Breach Notification Statute defines personal information as an individual’s first name or first initial and last name in combination with any one or more of the following data elements when either the name or the data elements are not encrypted: (A) social security number; (B) driver’s license number, state identification card number, or tribal identification card number; (C) account number or credit or debit card number, in combination with any required security code, access code, or password that would permit access to an individual’s financial account; (D) medical record information as defined in 33-19-104; (E) a taxpayer identification number; or (F) an identity protection personal identification number issued by the United States internal revenue service.","Montana:
According to Legislation code 30-14-1704, Montana’s Data Breach Notification Statute defines personal information as an individual’s first name or first initial and last name in combination with any one or more of the following data elements, when either the name or the data elements are not encrypted: (A) social security number; (B) driver’s license number, state identification card number, or tribal identification card number; (C) account number or credit or debit card number, in combination with any required security code, access code, or password that would permit access to an individual’s financial account; (D) medical record information as defined in 33-19-104; (E) a taxpayer identification number; or (F) an identity protection personal identification number issued by the United States internal revenue service.","Montana:
According to legislation code 30-14-1704 of Montana:
(a)  “Personal information” means an individual’s first name or first initial and last name in combination with any one or more of the following data elements, when either the name or the data elements are not encrypted: 
   (A) social security number; 
(B) driver’s license number, state identification card number, or tribal identification card number; 
(C) account number or credit or debit card number, in combination with any required security code, access code, or password that would permit access to an individual’s financial account; 
(D) medical record information as defined in 33 -19-104; 
(E) a taxpayer identification number; or 
(F) an identity protection personal identification number issued by the United States internal revenue service.","Montana:
According to Legislation code: 30-14-1704, MCA:

For purposes of this section, the following definitions apply:

4(a) “Breach of the security of the data system” means unauthorized acquisition of computerized data that materially compromises the security, confidentiality, or integrity of personal information maintained by the person or business and causes or is reasonably believed to cause loss or injury to a Montana resident. Good faith acquisition of personal information by an employee or agent of the person or business for the purposes of the person or business is not a breach of the security of the data system, provided that the personal information is not used or subject to further unauthorized disclosure.

4(b)(i) “Personal information” means an individual’s first name or first initial and last name in combination with any one or more of the following data elements, when either the name or the data elements are not encrypted:
(A) social security number;
(B) driver’s license number, state identification card number, or tribal identification card number;
(C) account number or credit or debit card number, in combination with any required security code, access code, or password that would permit access to an individual’s financial account;
(D) medical record information as defined in 33-19-104;
(E) a taxpayer identification number; or
(F) an identity protection personal identification number issued by the United States internal revenue service.","Montana:
According to Legislation code 30-14-1704, the Montana Data Breach Notification Statute defines personal information as ""an individual’s first name or first initial and last name in combination with any one or more of the following data elements, when either the name or the data elements are not encrypted: social security number; driver’s license number, state identification card number, or tribal identification card number; account number or credit or debit card number, in combination with any required security code, access code, or password that would permit access to an individual’s financial account; medical record information as defined in 33-19-104; a taxpayer identification number; or an identity protection personal identification number issued by the United States internal revenue service.""","Montana:
According to Legislation code 30-14-1704, Montana's Data Breach Notification Statute defines personal information as ""an individual’s first name or first initial and last name in combination with any one or more of the following data elements, when either the name or the data elements are not encrypted: social security number; driver’s license number, state identification card number, or tribal identification card number; account number or credit or debit card number, in combination with any required security code, access code, or password that would permit access to an individual’s financial account; medical record information as defined in 33-19-104; a taxpayer identification number; or an identity protection personal identification number issued by the United States internal revenue service.""","Montana:
According to Legislation code 30-14-1704, Montana's Data Breach Notification Statute defines personal information as an individual’s first name or first initial and last name in combination with any one or more of the following data elements: 
- Social security number
- Driver’s license number, state identification card number, or tribal identification card number
- Account number or credit or debit card number, in combination with any required security code, access code, or password that would permit access to an individual’s financial account
- Medical record information as defined in 33-19-104
- A taxpayer identification number
- An identity protection personal identification number issued by the United States internal revenue service

This definition excludes publicly available information that is lawfully made available to the general public from federal, state, or local government records.","Montana:
According to legislation code 30-14-1704, Montana's Data Breach Notification Statute defines personal information in the following manner:
In paragraph 4, subparagraph (i), ""Personal information"" means an individual’s first name or first initial and last name in combination with any one or more of the following data elements: (A) social security number; (B) driver’s license number, state identification card number, or tribal identification card number; (C) account number or credit or debit card number, in combination with any required security code, access code, or password that would permit access to an individual’s financial account; (D) medical record information as defined in 33-19-104; (E) a taxpayer identification number; or (F) an identity protection personal identification number issued by the United States internal revenue service."
4,Under what circumstances must disclosure of a data breach be made in North Dakota?,"North Dakota:
Question: Under what circumstances must disclosure of a data breach be made in North Dakota?

Response:
According to N.D. Cent. Code, § 47-30-02:
Any person that owns or licenses computerized data that includes personal information shall disclose any breach of the security system following discovery or notification of the breach in the security of the data to any resident of the state whose unencrypted personal information was, or is reasonably believed to have been, acquired by an unauthorized person. In addition, any person that experiences a breach of the security system as provided in this section shall disclose to the attorney general by mail or electronic mail any breach of the security system which exceeds two hundred fifty individuals. The disclosure must be made in the most expedient time possible and without unreasonable delay, consistent with the legitimate needs of law enforcement, as provided in section 51-30-04, or any measures necessary to determine the scope of the breach and to restore the integrity of the data system.","North Dakota:
Question: Under what circumstances must disclosure of a data breach be made in North Dakota?

Response:
According to N.D. Cent. Code, § 51-30-02:
Any person that owns or licenses computerized data that includes personal information shall disclose any breach of the security system following discovery or notification of the breach in the security of the data to any resident of the state whose unencrypted personal information was, or is reasonably believed to have been, acquired by an unauthorized person. In addition, any person that experiences a breach of the security system shall disclose to the attorney general by mail or electronic mail any breach of the security system which exceeds two hundred fifty individuals. The disclosure must be made in the most expedient time possible and without unreasonable delay, consistent with the legitimate needs of law enforcement, as provided in section 51-30-04, or any measures necessary to determine the scope of the breach and to restore the integrity of the data system.","North Dakota:
Answer:
According to N.D. Cent. Code, § 51-30-02:
Any person that owns or licenses computerized data that includes personal information shall disclose any breach of the security system following discovery or notification of the breach in the security of the data to any resident of the state whose unencrypted personal information was, or is reasonably believed to have been, acquired by an unauthorized person. In addition, any person that experiences a breach of the security system as provided in this section shall disclose to the attorney general by mail or electronic mail any breach of the security system which exceeds two hundred fifty individuals. The disclosure must be made in the most expedient time possible and without unreasonable delay, consistent with the legitimate needs of law enforcement, as provided in section 51-30-04, or any measures necessary to determine the scope of the breach and to restore the integrity of the data system.","North Dakota:
According to N.D. Cent. Code, § 51-30-02:
Any person that owns or licenses computerized data that includes personal information shall disclose any breach of the security system following discovery or notification of the breach in the security of the data to any resident of the state whose unencrypted personal information was, or is reasonably believed to have been, acquired by an unauthorized person. In addition, any person that experiences a breach of the security system as provided in this section shall disclose to the attorney general by mail or electronic mail any breach of the security system which exceeds two hundred fifty individuals. The disclosure must be made in the most expedient time possible and without unreasonable delay, consistent with the legitimate needs of law enforcement, as provided in section 51-30-04, or any measures necessary to determine the scope of the breach and to restore the integrity of the data system.","North Dakota:
Answer:
According to N.D. Cent. Code, § 51-30-02:
Any person that owns or licenses computerized data that includes personal information shall disclose any breach of the security system following discovery or notification of the breach in the security of the data to any resident of the state whose unencrypted personal information was, or is reasonably believed to have been, acquired by an unauthorized person. In addition, any person that experiences a breach of the security system shall disclose to the attorney general by mail or electronic mail any breach of the security system which exceeds two hundred fifty individuals. The disclosure must be made in the most expedient time possible and without unreasonable delay, consistent with the legitimate needs of law enforcement, as provided in section 51-30-04, or any measures necessary to determine the scope of the breach and to restore the integrity of the data system.","North Dakota:
Question: Under what circumstances must disclosure of a data breach be made in North Dakota?

Response:
According to N.D. Cent. Code, § 51-30-02:
Any person that owns or licenses computerized data that includes personal information shall disclose any breach of the security system following discovery or notification of the breach in the security of the data to any resident of the state whose unencrypted personal information was, or is reasonably believed to have been, acquired by an unauthorized person. In addition, any person that experiences a breach of the security system as provided in this section shall disclose to the attorney general by mail or electronic mail any breach of the security system which exceeds two hundred fifty individuals. The disclosure must be made in the most expedient time possible and without unreasonable delay, consistent with the legitimate needs of law enforcement, as provided in section 51-30-04, or any measures necessary to determine the scope of the breach and to restore the integrity of the data system.","North Dakota:
According to N.D. Cent. Code, § 51-30-02:
Any person that owns or licenses computerized data that includes personal information shall disclose any breach of the security system following discovery or notification of the breach in the security of the data to any resident of the state whose unencrypted personal information was, or is reasonably believed to have been, acquired by an unauthorized person. In addition, any person that experiences a breach of the security system shall disclose to the attorney general by mail or electronic mail any breach of the security system which exceeds two hundred fifty individuals. The disclosure must be made in the most expedient time possible and without unreasonable delay, consistent with the legitimate needs of law enforcement, as provided in section 51-30-04, or any measures necessary to determine the scope of the breach and to restore the integrity of the data system.","Under the circumstances that any person that owns or licenses computerized data that includes personal information and experiences a breach of the security system, disclosure of the data breach must be made in North Dakota. This disclosure should be made to any resident of the state whose unencrypted personal information was, or is reasonably believed to have been, acquired by an unauthorized person. Additionally, if the breach of the security system exceeds two hundred fifty individuals, the person must also disclose the breach to the attorney general by mail or electronic mail. The disclosure must be made in the most expedient time possible and without unreasonable delay, consistent with the legitimate needs of law enforcement or any measures necessary to determine the scope of the breach and to restore the integrity of the data system.","North Dakota:
Question: Under what circumstances must disclosure of a data breach be made in North Dakota?

Response:
According to N.D. Cent. Code, § 51-30-02:
Any person that owns or licenses computerized data that includes personal information shall disclose any breach of the security system following discovery or notification of the breach in the security of the data to any resident of the state whose unencrypted personal information was, or is reasonably believed to have been, acquired by an unauthorized person. In addition, any person that experiences a breach of the security system as provided in this section shall disclose to the attorney general by mail or electronic mail any breach of the security system which exceeds two hundred fifty individuals. The disclosure must be made in the most expedient time possible and without unreasonable delay, consistent with the legitimate needs of law enforcement, as provided in section 51-30-04, or any measures necessary to determine the scope of the breach and to restore the integrity of the data system.","North Dakota:
Question: Under what circumstances must disclosure of a data breach be made in North Dakota?

Response:
According to N.D. Cent. Code, § 51-30-02:
Any person that owns or licenses computerized data that includes personal information shall disclose any breach of the security system following discovery or notification of the breach in the security of the data to any resident of the state whose unencrypted personal information was, or is reasonably believed to have been, acquired by an unauthorized person. In addition, any person that experiences a breach of the security system shall disclose to the attorney general by mail or electronic mail any breach of the security system which exceeds two hundred fifty individuals. The disclosure must be made in the most expedient time possible and without unreasonable delay, consistent with the legitimate needs of law enforcement, as provided in section 51-30-04, or any measures necessary to determine the scope of the breach and to restore the integrity of the data system."
5,What are the acceptable methods of notice of a data breach in Tennessee?,"Tennessee:
According to Tenn. Code Ann. § 56-2-1006:
The acceptable methods of notice of a data breach in Tennessee are to be made no later than forty-five (45) days after the determination of the cybersecurity event, through written notice, electronic notice, or substitute notice. Electronic notice may include email notification.","Tennessee:
According to Tenn. Code Ann. § 56-2-1006:
(c) Following a determination that a cybersecurity event has occurred and that the cybersecurity event has a reasonable likelihood of materially harming a consumer, a licensee shall notify consumers residing in this state whose nonpublic information has been acquired, or reasonably believed to have been acquired, by the cybersecurity event. The disclosure must be made no later than forty-five (45) days after the determination of the cybersecurity event, unless a longer period of time is required due to the legitimate needs of law enforcement. For purposes of this section, notice may be provided by:
(1) Written notice;
(2) Electronic notice, if the notice provided is consistent with the provisions regarding electronic records and signatures set forth in 15 U.S.C. § 7001, or if the licensee's primary method of communication with the consumer has been by electronic means. Electronic means may include email notification; or
(3) Substitute notice, if the licensee demonstrates that the cost of providing notice would exceed two hundred fifty thousand dollars ($250,000), the affected class of subject persons to be notified exceeds five hundred thousand (500,000) persons, or the licensee does not have sufficient contact information and the notice consists of the following:
(A) Email notice, when the licensee has an email address for the consumer;
(B) Conspicuous posting of the notice on the licensee's website, if the licensee maintains a website page; and
(C) Notification to major statewide media.","Tennessee:
According to Tenn. Code Ann. § 56-2-1006:

(a) A licensee may notify consumers residing in Tennessee whose nonpublic information has been acquired by a cybersecurity event through three methods of notice:
   1) Written notice;
   2) Electronic notice, consistent with electronic records and signatures set forth in 15 U.S.C. § 7001, or by email if the primary method of communication with the consumer has been electronic;
   3) Substitute notice, which includes email notice, posting on the licensee's website, and notification to major statewide media.","Tennessee:
According to Tenn. Code Ann. § 56-2-1006:

(c) Following a determination that a cybersecurity event has occurred and that the cybersecurity event has a reasonable likelihood of materially harming a consumer, a licensee shall notify consumers residing in this state whose nonpublic information has been acquired, or reasonably believed to have been acquired, by the cybersecurity event. The disclosure must be made no later than forty-five (45) days after the determination of the cybersecurity event, unless a longer period of time is required due to the legitimate needs of law enforcement. For purposes of this section, notice may be provided by:
(1) Written notice;
(2) Electronic notice, if the notice provided is consistent with the provisions regarding electronic records and signatures set forth in 15 U.S.C. § 7001, or if the licensee's primary method of communication with the consumer has been by electronic means. Electronic means may include email notification; or
(3) Substitute notice, if the licensee demonstrates that the cost of providing notice would exceed two hundred fifty thousand dollars ($250,000), the affected class of subject persons to be notified exceeds five hundred thousand (500,000) persons, or the licensee does not have sufficient contact information, and the notice consists of the following:
(A) Email notice, when the licensee has an email address for the consumer;
(B) Conspicuous posting of the notice on the licensee's website, if the licensee maintains a website page; and
(C) Notification to major statewide media.","Tennessee:
According to Tenn. Code Ann. § 56-2-1006:
The acceptable methods of notice of a data breach in Tennessee include written notice, electronic notice, or substitute notice. Electronic notice may be provided if the notice is consistent with the provisions regarding electronic records and signatures set forth in 15 U.S.C. § 7001, or if the licensee's primary method of communication with the consumer has been by electronic means. Substitute notice is allowed if the licensee demonstrates that the cost of providing notice would exceed two hundred fifty thousand dollars ($250,000), the affected class of subject persons to be notified exceeds five hundred thousand (500,000) persons, or the licensee does not have sufficient contact information.","Tennessee:
According to Tenn. Code Ann. § 56-2-1006:
Notification of a cybersecurity event in Tennessee can be provided via:
1) Written notice;
2) Electronic notice, consistent with the provisions regarding electronic records and signatures set forth in 15 U.S.C. § 7001, or if the licensee's primary method of communication with the consumer has been by electronic means, which may include email notification; or
3) Substitute notice, when the cost of providing notice would exceed $250,000, the affected class of subject persons to be notified exceeds 500,000, or sufficient contact information is not available. The substitute notice consists of email notice, conspicuous posting of the notice on the licensee's website if maintained, and notification to major statewide media.","Tennessee:
According to Tenn. Code Ann. § 56-2-1006:

Acceptable methods of notice of a data breach in Tennessee include:
1. Written notice,
2. Electronic notice, if consistent with the provisions regarding electronic records and signatures set forth in 15 U.S.C. § 7001, or if the licensee's primary method of communication with the consumer has been by electronic means, which may include email notification, or
3. Substitute notice, if the licensee demonstrates that the cost of providing notice would exceed two hundred fifty thousand dollars ($250,000), the affected class of subject persons to be notified exceeds five hundred thousand (500,000) persons, or the licensee does not have sufficient contact information, consisting of email notice, conspicuous posting of the notice on the licensee's website, if applicable, and notification to major statewide media.","Tennessee:
According to Tenn. Code Ann. § 56-2-1006:

The acceptable methods of notice of a data breach in Tennessee are:
1) Written notice;
2) Electronic notice, if the notice provided is consistent with the provisions regarding electronic records and signatures set forth in 15 U.S.C. § 7001, or if the licensee's primary method of communication with the consumer has been by electronic means. Electronic means may include email notification;
3) Substitute notice, if the licensee demonstrates that the cost of providing notice would exceed two hundred fifty thousand dollars ($250,000), the affected class of subject persons to be notified exceeds five hundred thousand (500,000) persons, or the licensee does not have sufficient contact information. Substitute notice consists of email notice, conspicuous posting of the notice on the licensee's website, and notification to major statewide media.","Tennessee:
According to Tenn. Code Ann. § 56-2-1006:
Notification of a cybersecurity event must be done by:
- Written notice;
- Electronic notice, if consistent with electronic records and signatures, or if primary communication with the consumer has been electronic;
- Substitute notice, if the cost exceeds $250,000, affected class exceeds 500,000, or contact information is insufficient.","Tennessee:
According to Tenn. Code Ann. § 56-2-1006:
(c) Following a determination that a cybersecurity event has occurred and that the cybersecurity event has a reasonable likelihood of materially harming a consumer, a licensee shall notify consumers residing in this state whose nonpublic information has been acquired, or reasonably believed to have been acquired, by the cybersecurity event. The disclosure must be made no later than forty-five (45) days after the determination of the cybersecurity event, unless a longer period of time is required due to the legitimate needs of law enforcement. For purposes of this section, notice may be provided by:
(1) Written notice;
(2) Electronic notice, if the notice provided is consistent with the provisions regarding electronic records and signatures set forth in 15 U.S.C. § 7001, or if the licensee's primary method of communication with the consumer has been by electronic means. Electronic means may include email notification; or
(3) Substitute notice if the licensee demonstrates that the cost of providing notice would exceed two hundred fifty thousand dollars ($250,000), the affected class of subject persons to be notified exceeds five hundred thousand (500,000) persons, or the licensee does not have sufficient contact information and the notice consists of email notice, conspicuous posting of the notice on the licensee's website, and notification to major statewide media."
6,What are the maximum penalties for failing to follow the data breach notification statutes in Ohio and Oklahoma?,"According to the Legislation code ORC Ann. 1349.192 in Ohio, the maximum penalties for failing to follow the data breach notification statutes are as follows:

**Paragraph (A)(1)(a):**
- A civil penalty of up to one thousand dollars for each day the agency or person fails to comply with the section.
  
**Paragraph (A)(1)(b):**
- A civil penalty of up to five thousand dollars for each day the agency or person fails to comply with the section if the failure persists for more than sixty days.
  
**Paragraph (A)(1)(c):**
- A civil penalty of up to ten thousand dollars for each day the agency or person fails to comply with the section if the failure persists for more than ninety days.

In Oklahoma, there are no specific penalties outlined within the context provided for failing to follow the data breach notification statutes.","The maximum penalties for failing to follow the data breach notification statutes in Ohio are as follows:
- For each day of intentional or reckless non-compliance:
  - Up to $1,000 for each day, with potential additional penalties for prolonged non-compliance.
- If the non-compliance persists for over 90 days:
  - A civil penalty of up to $10,000 for each day beyond the initial 90 days.

However, the maximum penalties for failing to adhere to the data breach notification statutes in Oklahoma are not specified in the provided contexts.","According to Legislation code: ORC Ann. 1349.192 in Ohio:
Paragraph 1: Maximum penalties for failing to follow the data breach notification statutes in Ohio are as follows:
- For each day of intentional or reckless failure to comply with the applicable section:
  - Up to one thousand dollars for each day
- If the failure continues for more than sixty days:
  - Up to five thousand dollars for each day starting from the sixty-first day
- If the failure continues for more than ninety days:
  - Up to ten thousand dollars for each day starting from the ninety-first day.

According to 24 Okl. St. § 163 Legislation:
Paragraph 1: In Ohio, the maximum penalties for failing to follow the data breach notification statutes are not specifically mentioned.
Paragraph 2: In Oklahoma, failure to disclose a breach of security without unreasonable delay can result in penalties as per Laws 2008, HB 2245, c. 86, § 3, which is effective from November 1, 2008.","The maximum penalties for failing to follow the data breach notification statutes in Ohio and Oklahoma are as follows:

In Oklahoma, the penalties include civil penalties of up to $150,000 for each system breach, and a class action award that ranges up to $750,000 under Title 24. Debtor and Creditor (Chs. 1 — 9) - Chapter 8.

In Ohio, the maximum penalties for failing to follow the data breach notification statutes are: 
- Up to one thousand dollars for each day of non-compliance for intentional or reckless violations,
- Up to five thousand dollars per day for violations lasting more than sixty days,
- Up to ten thousand dollars per day for violations lasting more than ninety days.","In Ohio, the maximum penalties for failing to follow the data breach notification statutes are as follows: 
- A civil penalty of up to one thousand dollars for each day of intentional or reckless non-compliance.
- If non-compliance exceeds sixty days, a civil penalty of up to five thousand dollars per day.
- If non-compliance exceeds ninety days, a civil penalty of up to ten thousand dollars per day.

In Oklahoma, there are no specific maximum penalties mentioned within the data breach notification statutes for failing to follow the notification requirements.","The maximum penalties for failing to follow the data breach notification statutes in Ohio are as follows:


- For each day of intentional or reckless failure to comply, the civil penalty can be up to one thousand dollars for each day of non-compliance.

- If the failure continues for more than sixty days, the penalty can amount to up to five thousand dollars per day.

- For failures lasting more than ninety days, the penalty can escalate to up to ten thousand dollars per day.



In Oklahoma, the specific penalties are not provided in the context we have.","The maximum penalties for failing to follow the data breach notification statutes in Ohio are as follows:
1. For Ohio: Maximum civil penalties of up to $10,000 per day for failing to follow data breach notification statutes.

In Oklahoma, there is no specific mention of data breach notification statutes or the applicable penalties. Therefore, based on the information provided, we cannot determine the maximum penalties for failing to follow the data breach notification statutes in Oklahoma.","According to Legislation code ORC Ann. 1349.192: 

1) The maximum penalties for failing to follow the data breach notification statutes in Ohio are as follows: 
- For each day of intentional or reckless non-compliance, the civil penalty can be up to one thousand dollars. 
- If non-compliance continues for more than sixty days, the penalty can be up to five thousand dollars per day. 
- If non-compliance persists for more than ninety days, the penalty can escalate to ten thousand dollars per day. 

According to Okl. St. § 163: 
A. Any individual or entity that owns or licenses computerized data containing personal information must disclose any breach of the security of the system following discovery or notification of the breach of the security of the system to any resident of the state whose unencrypted and unredacted personal information was or is reasonably believed to have been accessed and acquired by an unauthorized person. Failure to do so without unreasonable delay can result in penalties.","In Ohio, the maximum penalties for failing to follow the data breach notification statutes are as follows:
1. For each day that the state agency, agency of a political subdivision, or person has intentionally or recklessly failed to comply with the applicable section, a civil penalty of up to one thousand dollars for each day.
2. If the failure to comply continues for more than sixty days, a civil penalty of up to five thousand dollars for each day from the sixty-first day onwards.
3. If the failure to comply continues for more than ninety days, a civil penalty of up to ten thousand dollars for each day from the ninety-first day onwards.

In Oklahoma, the maximum penalty for failing to follow data breach notification statutes includes fines up to $100,000 for each breach.","According to the legislation code ORC Ann. 1349.192 in Ohio:


§ 1349.192 Civil action by attorney general; penalties; liability for costs of investigation and action.

The maximum penalties for failing to follow the data breach notification statutes in Ohio are as follows:

- For each day that the state agency, agency of a political subdivision, or person has intentionally or recklessly failed to comply with the applicable section, the civil penalty can be up to one thousand dollars for each day of non-compliance.

- If the violation continues for more than sixty days, the penalty can go up to five thousand dollars per day.

- If the violation persists for more than ninety days, the penalty can reach up to ten thousand dollars per day.



For Oklahoma, there are no specific penalties mentioned for failing to follow the data breach notification statutes."
7,What information must be provided in a data breach notification in South Carolina and Wyoming?,"According to **S.C. Code Ann. § 38-99-40** (Paragraphs A-F):
1) The licensee shall provide the following information in the data breach notification:

(1) the date of the cybersecurity event;

(2) a description of how the information was exposed, lost, stolen, or breached, including the specific roles and responsibilities of third-party service providers, if any;

(3) how the cybersecurity event was discovered;

(4) whether any lost, stolen, or breached information has been recovered and if so, how this was done;

(5) the identity of the source of the cyber security event;

(6) whether the licensee has filed a police report or has notified any regulatory, governmental, or law enforcement agencies and, if so, when such notification was provided;

(7) a description of the specific types of information acquired without authorization, including types of medical information, financial information, or information allowing identification of the consumer;

(8) the period during which the information system was compromised by the cybersecurity event;

(9) the number of total consumers affected by the cybersecurity event in the State, with continuous updates;

(10) results of any internal review regarding automated controls or internal procedures;

(11) efforts being undertaken to remediate the situation that caused the cybersecurity event;

(12) a copy of the licensee’s privacy policy and steps to investigate and notify affected consumers;

(13) the name of a contact person familiar with the event.


According to Wyo. Stat. § 40-12-502:

Paragraph (e) specifies that a data breach notification in Wyoming must include, at a minimum:

- A toll-free number for contacting the person collecting the data and the major credit reporting agencies

- The types of personal identifying information affected

- A general description of the breach incident

- The approximate date of the security breach

- Actions taken to protect the system containing the information

- Instructions for individuals to review their account statements and monitor credit reports

- Disclosure of any delay in notification due to a law enforcement investigation.


Paragraph (f) states that the attorney general may take action against violations of the section and highlights that compliance with this legislation does not relieve entities from following other applicable laws.","According to the cybersecurity laws in South Carolina and Wyoming, specific information must be provided in a data breach notification. 

In South Carolina, under S.C. Code Ann. § 38-99-40, a licensee must notify the director within seventy-two hours of a cybersecurity event occurring when South Carolina is the licensee's state of domicile or when the nonpublic information of at least two hundred and fifty consumers in the state is involved. The notification must include details such as the date of the cybersecurity event, description of the information exposure, actions taken to recover information, types of acquired information, number of affected consumers, internal review results, remediation efforts, and more. Additionally, in cases involving third-party service providers, the licensee must handle the notification accordingly.

In Wyoming, as per Wyo. Stat. § 40-12-502, the data breach notification must include, at a minimum, a toll-free number for individuals to contact the data collector, types of personal identifying information affected, a general description of the breach incident, approximate date of the breach, actions taken to protect the system, advice for individuals to stay vigilant, and information on any delays due to law enforcement investigations.

By following the requirements outlined in the respective statutes, entities in South Carolina and Wyoming can ensure compliance with data breach notification regulations.","According to Wyo. Stat. § 40 -12-502, a data breach notification in Wyoming must include, at a minimum: 
1. A toll-free number that individuals may use to contact the person collecting the data, or his agent, and obtain contact information for major credit reporting agencies;
2. Types of personal identifying information involved in the breach;
3. A general description of the breach incident;
4. The approximate date of the breach if possible;
5. Actions taken to protect the system containing the information;
6. Advice for individuals to review account statements and monitor credit reports;
7. Information on any delay in notification due to law enforcement involvement.

In contrast, in South Carolina, as per S.C. Code Ann. § 38 -99-40, the following information must be provided in a data breach notification:
1. Date of the cybersecurity event;
2. Description of how the information was exposed, lost, stolen, or breached, including the role of third-party service providers, if any;
3. How the cybersecurity event was discovered;
4. Status of any recovered information;
5. Identity of the source of the cyber security event;
6. Information on police reports or notifications to regulatory or law enforcement agencies;
7. Specific types of unauthorized information acquired;
8. Period during which the information system was compromised;
9. Number of consumers affected;
10. Results of internal review on automated controls or procedures;
11. Efforts to remediate the situation;
12. Copy of a privacy policy and notification steps;
13. Contact information for a person familiar with the cybersecurity event and authorized to act on behalf of the licensee.","In a data breach notification in Wyoming, the following information must be provided:
(a) A toll-free number for contacting the person collecting the data or their agent, with information on major credit reporting agencies.
(b) Types of personal identifying information involved in the breach.
(c) General description of the breach incident.
(d) Approximate date of the security breach, if reasonably possible to determine at the time of notice.
(e) Actions taken to protect the system containing the personal identifying information.
(f) Advice on remaining vigilant through account statement reviews and credit report monitoring.
(g) Notification delay information if due to a law enforcement investigation.

In a data breach notification in South Carolina, the following information must be provided:
1) Date of the cybersecurity event.
2) Description of how information was exposed, lost, stolen, or breached, including roles of third-party service providers.
3) Method of discovering the cybersecurity event.
4) Status of any recovered lost, stolen, or breached information.
5) Identity of the cybersecurity event source.
6) Police report filing or notification to regulatory, governmental, or law enforcement agencies.
7) Specific types of unauthorized acquired information.
8) Compromised period of the information system.
9) Estimate of the number of affected consumers in the state.
10) Results of internal review on automated controls or procedures.
11) Efforts to remediate the cybersecurity event situation.
12) Copy of the licensee's privacy policy and steps for investigating and notifying affected consumers.
13) Contact person familiar with the cybersecurity event and authorized to act for the licensee.","According to Wyo. Stat. § 40-12-502, the information that must be provided in a data breach notification in Wyoming includes:

1) A toll-free number for individuals to contact the person collecting the data and for major credit reporting agencies.
2) Types of personal identifying information involved in the breach.
3) General description of the breach incident.
4) Approximate date of the breach.
5) Actions taken by the individual or entity to protect the information system.
6) Advice for individuals to remain vigilant by monitoring credit reports.
7) Whether notification was delayed due to a law enforcement investigation.

Similarly, as per S.C. Code Ann. § 38-99-40, the information required in a data breach notification in South Carolina comprises:

1) Date of the cybersecurity event.
2) Description of how the information was exposed, lost, stolen, or breached, including third-party service providers' roles.
3) How the cybersecurity event was discovered.
4) Status of any recovered information and how it was retrieved.
5) Identity of the source of the cybersecurity event.
6) Notification to police or regulatory agencies.
7) Specific types of unauthorized acquired information.
8) Duration of the compromised information system.
9) Number of affected consumers in South Carolina.
10) Results of internal review regarding automated controls or procedures.
11) Efforts to remediate the cybersecurity event.
12) Providing a privacy policy and steps for consumer notification.
13) Contact information for a person familiar with the event.

These are the information requirements for a data breach notification in South Carolina and Wyoming.","The information that must be provided in a data breach notification in South Carolina and Wyoming includes:
In South Carolina (according to S.C. Code Ann. § 38-99-40):
(A) A data breach notification in South Carolina must include the following information:
1) the date of the cybersecurity event;
2) a description of how the information was exposed, lost, stolen, or breached, including the specific roles and responsibilities of third-party service providers, if any;
3) how the cybersecurity event was discovered;
4) whether any lost, stolen, or breached information has been recovered and if so, how this was done;
5) the identity of the source of the cybersecurity event;
6) whether the licensee has filed a police report or has notified any regulatory, governmental, or law enforcement agencies and, if so, when such notification was provided;
7) a description of the specific types of information acquired without authorization;
8) the period during which the information system was compromised by the cybersecurity event;
9) the number of total consumers affected by the cybersecurity event;
10) the results of any internal review identifying a lapse in either automated controls or internal procedures;
11) a description of efforts being undertaken to remediate the situation which permitted the cybersecurity event to occur;
12) a copy of the licensee's privacy policy and a statement outlining the steps the licensee will take to investigate and notify affected consumers;
13) the name of a contact person familiar with the cybersecurity event and authorized to act on behalf of the licensee.

In Wyoming (according to Wyo. Stat. § 40-12-502):
In a data breach notification in South Carolina and Wyoming, the following information must be provided:
Paragraph (e) states that the notification must include:
(i) A toll-free number for the affected individual to contact the person collecting the data or their agent, and to learn the toll-free contact telephone numbers and addresses for major credit reporting agencies.
(ii) The types of personal identifying information subject to the breach.
(iii) A general description of the breach incident.
(iv) The approximate date of the breach of security, if known at the time of providing notice.
(v) Actions taken to protect the system containing the information from further breaches.
(vi) Advice for the individual to review account statements and monitor credit reports.
(vii) Information on whether notification was delayed due to a law enforcement investigation.","In South Carolina, according to S.C. Code Ann. § 38-99-40, the information that must be provided in a data breach notification includes:
1) the date of the cybersecurity event;
2) a description of how the information was exposed, lost, stolen, or breached, including the specific roles and responsibilities of third-party service providers;
3) how the cybersecurity event was discovered;
4) whether any lost, stolen, or breached information has been recovered and, if so, how this was done;
5) the identity of the source of the cybersecurity event;
6) whether the licensee has filed a police report or has notified any regulatory, governmental or law enforcement agencies and, if so, when such notification was provided;
7) a description of the specific types of information acquired without authorization;
8) the period during which the information system was compromised;
9) the number of total consumers affected by the cybersecurity event in the State;
10) the results of any internal review identifying lapses in controls or procedures;
11) a description of efforts being undertaken to remediate the situation;
12) a copy of the licensee’s privacy policy and steps taken to investigate and notify affected consumers;
13) the name of a contact person familiar with the cybersecurity event.

In Wyoming, as per Wyo. Stat. § 40-12-502, the information required in a data breach notification includes:
(i) A toll-free number:
(A) That the individual may use to contact the person collecting the data, or his agent; and
(B) From which the individual may learn the toll-free contact telephone numbers and addresses for the major credit reporting agencies.
(ii) The types of personal identifying information that were or are reasonably believed to have been the subject of the breach;
(iii) A general description of the breach incident;
(iv) The approximate date of the breach of security, if that information is reasonably possible to determine at the time notice is provided;
(v) In general terms, the actions taken by the individual or commercial entity to protect the system containing the personal identifying information from further breaches;
(vi) Advice that directs the person to remain vigilant by reviewing account statements and monitoring credit reports;
(vii) Whether notification was delayed as a result of a law enforcement investigation, if that information is reasonably possible to determine at the time the notice is provided.","According to Wyo. Stat. § 40-12-502:

In Wyoming, the data breach notification must include, at a minimum:

(A) A toll-free number for contact

(B) Information on major credit reporting agencies

(C) Types of personal identifying information affected

(D) General description of the breach incident

(E) Approximate date of the breach

(F) Actions taken to protect the system

(G) Advice for individuals to remain vigilant

(H) Notification delay information, if relevant


According to S.C. Code Ann. § 38-99-40:

(A) A licensee shall notify the director within seventy-two hours of determining a cybersecurity event has occurred if South Carolina is the licensee's state of domicile or if the nonpublic information involved is of at least two hundred and fifty consumers residing in this State.

(B) The licensee must provide various information, including the date of the cybersecurity event, how the information was exposed, lost, stolen, or breached, the specific types of information acquired without authorization, and the number of total consumers affected.

(C) The licensee must comply with the notice requirements of Section 39-1-90 and provide a copy of the notice sent to consumers to the director when required.

(D) In the case of a cybersecurity event in a system maintained by a third-party service provider, the licensee must treat the event as in subsection (A).

(E) In certain situations involving nonpublic information and insurers, specific notification requirements apply.

(F) In cases where a consumer accessed an insurer's services through an independent insurance producer, the insurer must notify the producers of record of all affected consumers as directed.","In a data breach notification in Wyoming, the information required to be provided includes:
(a) An individual or commercial entity that owns or licenses computerized data containing personal identifying information shall conduct an investigation upon breach awareness. If misuse is determined, notice must be given to affected Wyoming residents without unreasonable delay.
(e) The notification shall provide a toll-free number, types of breached information, a general description of the breach, date of breach, actions taken, vigilance advice, and details on notification delays.
(g) Any entity maintaining data for another business must disclose breaches promptly.
(h) A covered entity complying with HIPAA is deemed compliant with this section.

In South Carolina, the information to be provided in a data breach notification includes:
1. The date of the cybersecurity event;
2. A description of how the information was exposed, lost, stolen, or breached;
3. How the cybersecurity event was discovered;
4. Whether any lost, stolen, or breached information has been recovered and how;
5. The identity of the source of the cybersecurity event;
6. Whether the licensee has filed a police report or notified regulatory, governmental, or law enforcement agencies and when;
7. A description of the specific types of unauthorized acquired information;
8. The period during which the information system was compromised;
9. The number of total consumers in this State affected by the cybersecurity event;
10. Results of any internal review identifying lapses in controls or procedures;
11. Efforts being undertaken to remediate the situation;
12. A copy of the licensee’s privacy policy and steps to investigate and notify affected consumers;
13. The contact person familiar with the cybersecurity event.","According to Wyo. Stat. § 40-12-502, in Wyoming, a data breach notification must include the following information:
1) A toll-free number for individuals to contact the data collector and to learn the contact information for major credit reporting agencies.
2) The types of personal identifying information affected.
3) A general description of the breach incident.
4) The approximate date of the security breach.
5) Actions taken to protect the system from further breaches.
6) Advice for individuals to monitor their accounts and credit reports.
7) Whether the notification was delayed due to a law enforcement investigation.

According to S.C. Code Ann. § 38-99-40, in South Carolina, a data breach notification must include the following information:
1) The date of the cybersecurity event.
2) A description of how the information was exposed, lost, stolen, or breached, including the specific roles and responsibilities of third-party service providers, if any.
3) How the cybersecurity event was discovered.
4) Whether any lost, stolen, or breached information has been recovered and if so, how this was done.
5) The identity of the source of the cybersecurity event.
6) Whether the licensee has filed a police report or has notified any regulatory, governmental or law enforcement agencies and, if so, when such notification was provided.
7) A description of the specific types of information acquired without authorization, including particular data elements.
8) The period during which the information system was compromised by the cybersecurity event.
9) The number of total consumers in this State affected by the cybersecurity event.
10) The results of any internal review identifying a lapse in automated controls or internal procedures, or confirming that all automated controls or internal procedures were followed.
11) A description of efforts being undertaken to remediate the situation that permitted the cybersecurity event to occur.
12) A copy of the licensee’s privacy policy and a statement outlining the steps the licensee will take to investigate and notify consumers affected by the cybersecurity event.
13) The name of a contact person familiar with the cybersecurity event and authorized to act on behalf of the licensee."
8,Who must receive notice of a data breach in either Texas or Nebraska?,"The affected Nebraska resident must receive notice of a data breach. The Attorney General must also receive notice of the breach of security of the system. Individuals whose sensitive personal information was, or is reasonably believed to have been, acquired by an unauthorized person, must receive notice of a data breach in either Texas or Nebraska.","Individuals whose sensitive personal information was, or is reasonably believed to have been, acquired by an unauthorized person must receive notice of a data breach in either Texas or Nebraska.","Based on the legislation codes provided:
In Nebraska, if notice of a breach of security of the system is required, the individual or commercial entity must provide notice of the breach of security of the system to the Attorney General.
In Texas, the person who conducts business in the state and owns or licenses computerized data containing sensitive personal information must disclose any breach of system security to the affected individuals.","The individuals whose sensitive personal information was, or is reasonably believed to have been, acquired by an unauthorized person, must receive notice of a data breach in either Texas or Nebraska.","The individual or commercial entity must provide notice of the breach of security of the system to the Attorney General in Nebraska. In Texas, after discovering or receiving notification of a data breach, a person who conducts business in Texas must disclose the breach to any individual whose sensitive personal information was, or is reasonably believed to have been, acquired by an unauthorized person.","According to R.R.S. Neb. § 87-803, individuals whose sensitive personal information was, or is reasonably believed to have been, acquired by an unauthorized person must receive notice of a data breach in either Texas or Nebraska. Additionally, if notice of a breach of security of the system is required by subsection (1) of this section, the individual or commercial entity shall also, not later than the time when notice is provided to the Nebraska resident, provide notice of the breach of security of the system to the Attorney General. According to Tex. Bus. & Com. Code § 521.053, individuals whose sensitive personal information was, or is reasonably believed to have been, acquired by an unauthorized person must receive notice of a data breach in either Texas or Nebraska.","Individuals whose sensitive personal information was, or is reasonably believed to have been, acquired by an unauthorized person must receive notice of a data breach in either Texas or Nebraska.","Individuals whose sensitive personal information was, or is reasonably believed to have been, acquired by an unauthorized person must receive notice of a data breach in either Texas or Nebraska.","To answer your query, based on the provided contexts:
1) In Nebraska, notice of a data breach must be provided to the Nebraska resident and the Attorney General.
2) In Texas, notification of a data breach must be sent to any individual whose sensitive personal information was, or is reasonably believed to have been, acquired by an unauthorized person.","According to Legislation code: R.R.S. Neb. § 87-803, in Nebraska, any individual or a commercial entity that conducts business in Nebraska and owns or licenses computerized data containing personal information about a resident of Nebraska must notify the affected Nebraska resident in the event of a data breach. In Texas, as per Tex. Bus. & Com. Code § 521.053, any individual whose sensitive personal information was acquired by an unauthorized person must receive notice of a data breach in Texas."
9,Who must comply with the data breach notification statute in Pennsylvania and Virginia?,"In Pennsylvania, entities that maintain, store, or manage computerized data containing personal information must comply with the data breach notification statute. This includes residents of Pennsylvania whose personal information was accessed by an unauthorized person, State agencies, State agency contractors, counties, public schools, municipalities, vendors managing data on behalf of another entity, and State agency contractors providing information of affected residents to the State agency subject to the breach.

1. In Virginia, any individual or entity that owns or licenses computerized data that includes personal information shall comply with the data breach notification statute.","Entities subject to Title V of the Gramm-Leach-Bliley Act, entities regulated by the State Corporation Commission's Bureau of Insurance, and entities complying with regulations by their primary or functional state or federal regulator must comply with the data breach notification statute in Virginia.","According to 73 P.S. § 2303 in Pennsylvania, an entity that maintains, stores, or manages computerized data containing personal information must provide notice of any security breach to Pennsylvania residents. In Virginia, individuals or entities that own or license computerized data containing personal information are required to comply with the data breach notification statute. These entities include corporations, business trusts, estates, partnerships, limited liability companies, associations, organizations, joint ventures, governments, and governmental subdivisions, whether for profit or not for profit.","In Pennsylvania, the following entities must comply with the data breach notification statute:
1. An entity that maintains, stores, or manages computerized data that includes personal information must provide notice of any breach of the security of the system.
2. State agencies or State agency contractors who determine they are the subject of a breach affecting personal information must provide notice of the breach.
3. County, public school, or municipality entities that are subject to a breach of the security system are also required to provide notice.
4. Vendors that maintain, store, or manage computerized data on behalf of another entity must provide notice of any breach of the security of the system.

In Virginia, any individual or entity that owns or licenses computerized data that includes personal information must comply with the data breach notification statute. The statute also specifies that an individual or entity regulated by the State Corporation Commission's Bureau of Insurance is exempt from the requirements of the data breach notification statute.","Entities that maintain, store, or manage computerized data that includes personal information are required to provide notice of any breach of the security of the system in Pennsylvania (73 P.S. § 2303). In Virginia, entities subject to Title V of the Gramm-Leach-Bliley Act, entities complying with their primary state or federal regulator's notification requirements, and entities regulated by the State Corporation Commission’s Bureau of Insurance must comply with the data breach notification statute (Va. Code Ann. § 18.2-186.6).","Entities, State agencies, State agency contractors, counties, public schools, municipalities, vendors, and financial institutions as defined by 15 U.S.C. § 6809(3) must comply with the data breach notification statute in Pennsylvania and Virginia.","According to legislation code 73 P.S. § 2303 in Pennsylvania, an entity that maintains computerized data that includes personal information must comply with the data breach notification statute. Additionally, in Virginia, financial institutions, entities subject to Title V of the Gramm-Leach-Bliley Act, and entities regulated by the State Corporation Commission's Bureau of Insurance must also comply with the data breach notification statute as per Va. Code Ann. § 18.2 -186.6.","According to 73 P.S. § 2303 in Pennsylvania, an entity that maintains, stores, or manages computerized data that includes personal information must provide notice of any breach of the security of the system to any resident of the Commonwealth whose unencrypted and unredacted personal information was or is reasonably believed to have been accessed and acquired by an unauthorized person. In Virginia, the data breach notification statute excludes individuals or entities regulated by the State Corporation Commission's Bureau of Insurance and the violation of the statute by a state-chartered or licensed financial institution is enforceable exclusively by the financial institution's primary state regulator, as per Va. Code Ann. § 18.2-186.6.","According to Legislation code: Pennsylvania Statutes, Annotated by LexisNexis® Chapter 43. Breach of Personal Information Notification Act (§§ 2301 — 2329), § 2303:
(a) General rule. An entity that maintains, stores or manages computerized data that includes personal information shall provide notice of any breach of the security of the system following determination of the breach of the security of the system to any resident of this Commonwealth.","According to Pennsylvania Statutes, Annotated by LexisNexis®:

§ 2303. Notification of the breach of the security of the system

(a) General rule. An entity that maintains, stores, or manages computerized data that includes personal information shall provide notice of any breach of the security of the system following determination of the breach of the security of the system to any resident of this Commonwealth whose unencrypted and unredacted personal information was or is reasonably believed to have been accessed and acquired by an unauthorized person.

(a.1) Notification by State agency or State agency contractor:
- If a State agency determines that it is the subject of a breach of the security of the system affecting personal information maintained by the State agency or State agency contractor, the State agency shall provide notice of the breach of the security of the system required under subsection (a) within seven business days following determination of the breach of the security of the system.

(a.2) Notification by county, public school, or municipality:
- If a county, public school, or municipality is the subject of a breach of the security of the system, the county, public school, or municipality shall provide notice of the breach of the security of the system required under subsection (a) within seven business days following determination of the breach of the security of the system.

According to Va. Code Ann. § 18.2-186.6:
A. An individual or entity that owns or licenses computerized data that includes personal information shall comply with the data breach notification statute in Virginia.
B. An entity that maintains its own notification procedures as part of an information privacy or security policy for the treatment of personal information is also mandated to comply with the data breach notification statute in Virginia."
10,"When do you have to provide notice to affected individuals of a data breach in California, Utah, Florida, and Michigan?","In California, the notice to individuals of a security breach should be made without unreasonable delay, but no later than 30 days after the determination of the breach or reason to believe a breach occurred.

In Utah, the notice to individuals of a security breach is required to be made as expeditiously as practicable and without unreasonable delay, but no later than 30 days after the determination of a breach or reason to believe a breach occurred.

In Florida, the notice to individuals of a security breach must be given as expeditiously as practicable and without unreasonable delay, but no later than 30 days after the determination of a breach or reason to believe a breach occurred.

In Michigan, the notice to individuals of a security breach should be made without unreasonable delay, taking into account the time necessary to identify individuals affected, but no later than 45 days after the determination of a breach or reason to believe a breach occurred.","You have to provide notice to affected individuals of a data breach without unreasonable delay in California, Utah, Florida, and Michigan. The notice should be provided in written form, electronically, by telephone with recipient consent, or through substitute notice if the cost exceeds $250,000 or if notice has to be sent to more than 500,000 residents of the state.","According to MCLS § 445.72 Legislation in Michigan, in California, Utah, Florida, and Michigan, you have to provide notice to affected individuals of a data breach without unreasonable delay. A delay is allowed only if it is necessary to determine the scope of the security breach and restore the reasonable integrity of the database, or if a law enforcement agency determines that providing a notice will impede a criminal or civil investigation or jeopardize homeland or national security. However, the notice must be provided without unreasonable delay once these conditions are met. In California, Utah, Florida, and Michigan, data breach notification laws require providing notice to affected individuals in the event of a data breach. In Florida, notice to individuals must be made as expeditiously as practicable and without unreasonable delay, taking into account the time necessary to allow the covered entity to determine the scope of the breach of security. The notice should be provided no later than 30 days after the determination of a breach or reason to believe a breach occurred unless subject to a delay authorized under paragraph (b) or waiver under paragraph (c).A governmental entity in Utah shall provide a data breach notice to an individual or legal guardian of an individual affected by the data breach after determining the scope of the data breach, after restoring the reasonable integrity of the affected system if necessary, and without unreasonable delay except as provided in Subsection (1)(b).","According to legislation, in California (Cal. Civ. Code § 1798.82), Utah (Utah Code § 13-44-103), Florida (Fla. Stat. § 501.171), and Michigan (Mich. Comp. Laws § 445.72), individuals affected by a data breach must be provided notice without reasonable delay.

In Florida specifically, notice to individuals of a security breach should be made as expeditiously as practicable and without unreasonable delay, taking into account the time necessary to determine the scope of the breach of security. Notice is required no later than 30 days after the determination of a breach or reason to believe a breach occurred unless subject to a delay authorized under paragraph (b) or waiver under paragraph (c).","According to California Civ. Code § 1798.82, Utah Code § 13-44-203, Florida Stat. § 501.171, and Mich. Comp. Laws § 445.72, notice must be provided to affected individuals of a data breach without reasonable delay.","Based on the provided legislations:

In California, Utah, Florida, and Michigan, you must provide notice to affected individuals of a data breach without unreasonable delay. Exceptions are allowed if measures need to be taken to determine the scope of the breach, or if law enforcement determines that providing notice will impede a criminal or civil investigation, or jeopardize homeland or national security.","In California, Utah, Florida, and Michigan, notice must be provided to affected individuals of a data breach without unreasonable delay.","According to MCLS § 445.72, in California, Utah, Florida, and Michigan, notice must be provided to affected individuals of a data breach if the security breach is likely to cause substantial loss or injury, or result in identity theft with respect to one or more residents. The notice must be provided without unreasonable delay unless delayed for necessary measures or law enforcement advice.

According to California Civ. Code § 1798.82, Utah Code § 13-44-201, Florida Stat. § 501.171, and Michigan Comp. Laws § 445.63a, notice must be provided to affected individuals of a data breach without unreasonable delay.

According to Fla. Stat. § 501.171, in California, Utah, and Michigan, notice to affected individuals of a data breach must be provided ""as expeditiously as practicable and without unreasonable delay, taking into account the time necessary to allow the covered entity to determine the scope of the breach of security, to identify individuals affected by the breach, and to restore the reasonable integrity of the data system that was breached, but no later than 30 days after the determination of a breach or reason to believe a breach occurred"" unless subject to a delay authorized under paragraph (b) or waiver under paragraph (c).

According to Utah Code Ann. § 63A-19-406:
1. In California: A governmental entity must provide a data breach notice to affected individuals after determining the scope of the data breach, restoring the reasonable integrity of the affected system, and without unreasonable delay except as provided in certain circumstances.
2. In Utah: A governmental entity shall provide a data breach notice to an individual affected by the data breach after determining the scope of the data breach, restoring the reasonable integrity of the affected system, and without unreasonable delay except as provided in Subsection (1)(b).
3. In Florida: The specific requirements for providing notice to affected individuals of a data breach are not covered in the provided context.
4. In Michigan: The specific requirements for providing notice to affected individuals of a data breach are not covered in the provided context.","To be in compliance with legislation codes in California, Utah, Florida, and Michigan, notice to affected individuals of a data breach must be provided without unreasonable delay in California, within 45 days in Utah, within 30 days if the breach affects 500 or more individuals in Florida, and without unreasonable delay in Michigan.","According to Legislation code MCLS § 445.72:
- In California, notice of a security breach must be provided ""without unreasonable delay,"" respecting the care an ordinarily prudent person would exercise under similar circumstances.
- In Utah, the person or agency should provide any required notice without unreasonable delay after completing measures to determine the scope of the security breach.
- In Florida, notice of a security breach must be provided without unreasonable delay after the law enforcement agency advises that providing the notice will no longer impede the investigation.
- In Michigan, notice of a security breach must be provided without unreasonable delay once the scope of the security breach and the database's reasonable integrity have been restored.

According to Fla. Stat. § 501.171, in Florida, you must provide notice to affected individuals of a data breach as expeditiously as practicable and without unreasonable delay, taking into account the time necessary to determine the scope of the breach of security, to identify individuals affected by the breach, and to restore the reasonable integrity of the data system that was breached, but no later than 30 days after the determination of a breach or reason to believe a breach occurred.

According to Utah Code Ann. § 63A -19-406:
(1) A governmental entity shall provide a data breach notice to an individual or legal guardian of an individual affected by the data breach:
(a) after determining the scope of the data breach;
(b) after restoring the reasonable integrity of the affected system, if necessary; and
(c) without unreasonable delay except as provided in Subsection (1)(b)."
